{
  "testcases": [ 
    {
      "config": {
        "receiver_num": 4,
        "mac_addrs": [
          "6b:2a:f5:d6:c3:49", 
          "7a:98:8f:a9:9c:72", 
          "4d:4a:5d:3d:bf:eb", 
          "f8:ba:7b:ae:f1:b4"
        ]
      },
      "input": [
        "6b:2a:f5:d6:c3:49",
        "6b:2a:f5:d6:c3:49",
        "7a:98:8f:a9:9c:72",
        "4d:4a:5d:3d:bf:eb",
        "f8:ba:7b:ae:f1:b4",
        "f8:ba:7b:ae:f1:b4",
        "7a:98:8f:a9:9c:72",
        "4d:4a:5d:3d:bf:eb",
        "6b:2a:f5:d6:c3:49"
        ],
      "output": [
        1,2,3,4,
        1,
        1,2,3,4,
        1,2,3,4,
        1,2,3,4,
        4,
        2,
        3,
        1
      ],
      "rank":20
    },
    {
      "config":{
        "receiver_num":5,
        "mac_addrs":[
          "6b:2a:f5:d6:c3:49",
          "7a:98:8f:a9:9c:72",
          "4d:4a:5d:3d:bf:eb",
          "f8:ba:7b:ae:f1:b4",
          "45:2e:fa:11:fc:c3"
        ]
      },
      "input":[
        "6b:2a:f5:d6:c3:49",
        "7a:98:8f:a9:9c:72",
        "6b:2a:f5:d6:c3:49",
        "4d:4a:5d:3d:bf:eb",
        "7a:98:8f:a9:9c:72",
        "f8:ba:7b:ae:f1:b4",
        "45:2e:fa:11:fc:c3",
        "4d:4a:5d:3d:bf:eb",
        "f8:ba:7b:ae:f1:b4"
      ],
      "output":[
        1,2,3,4,5,
        1,2,3,4,5,
        1,
        1,2,3,4,5,
        2,
        1,2,3,4,5,
        1,2,3,4,5,
        3,
        4
      ],
      "rank":20
    },
    {
      "config":{
        "receiver_num":6,
        "mac_addrs":[
          "6b:2a:f5:d6:c3:49",
          "7a:98:8f:a9:9c:72",
          "4d:4a:5d:3d:bf:eb",
          "f8:ba:7b:ae:f1:b4",
          "45:2e:fa:11:fc:c3",
          "19:b5:e4:fa:ec:51"
        ]
      },
      "input":[
        "7a:98:8f:a9:9c:72",
        "4d:4a:5d:3d:bf:eb",
        "6b:2a:f5:d6:c3:49",
        "6b:2a:f5:d6:c3:49",
        "45:2e:fa:11:fc:c3",
        "45:2e:fa:11:fc:c3",
        "19:b5:e4:fa:ec:51",
        "7a:98:8f:a9:9c:72"
      ],
      "output":[
        1,2,3,4,5,6,
        1,2,3,4,5,6,
        1,2,3,4,5,6,
        1,
        1,2,3,4,5,6,
        5,
        1,2,3,4,5,6,
        2
      ],
      "rank":20
    },
    {
      "config":{
        "receiver_num":4,
        "mac_addrs":[
          "6b:2a:f5:d6:c3:49",
          "7a:98:8f:a9:9c:72",
          "4d:4a:5d:3d:bf:eb",
          "f8:ba:7b:ae:f1:b4"
        ]
      },
      "input":[
        "6b:2a:f5:d6:c3:49",
        "7a:98:8f:a9:9c:72",
        "4d:4a:5d:3d:bf:eb",
        "f8:ba:7b:ae:f1:b4",
        "6b:2a:f5:d6:c3:49",
        "7a:98:8f:a9:9c:72",
        "4d:4a:5d:3d:bf:eb",
        "f8:ba:7b:ae:f1:b4"
      ],
      "output":[
        1,2,3,4,
        1,2,3,4,
        1,2,3,4,
        1,2,3,4,
        1,
        2,
        3,
        4
      ],
      "rank":20
    },
    {
      "config":{
        "receiver_num":8,
        "mac_addrs":[
          "6b:2a:f5:d6:c3:49",
          "7a:98:8f:a9:9c:72",
          "4d:4a:5d:3d:bf:eb",
          "f8:ba:7b:ae:f1:b4",
          "45:2e:fa:11:fc:c3",
          "19:b5:e4:fa:ec:51",
          "b3:bb:75:f0:94:11",
          "94:68:aa:53:e8:07"
        ]
      },
      "input":[
        "6b:2a:f5:d6:c3:49",
        "7a:98:8f:a9:9c:72",
        "f8:ba:7b:ae:f1:b4",
        "19:b5:e4:fa:ec:51",
        "94:68:aa:53:e8:07",
        "7a:98:8f:a9:9c:72",
        "19:b5:e4:fa:ec:51",
        "6b:2a:f5:d6:c3:49"
      ],
      "output":[
        1,2,3,4,5,6,7,8,
        1,2,3,4,5,6,7,8,
        1,2,3,4,5,6,7,8,
        1,2,3,4,5,6,7,8,
        1,2,3,4,5,6,7,8,
        2,
        6,
        1
      ],
      "rank":20
    }

  ]
}
