{
  "testcases": [ 
    {
      "config": {
        "ports_num": 4,
        "mac_addrs": [
          "a1",
          "a2",
          "a3",
          "a4"
        ]
      },
      "input": [
        ["a1","a2",0],
        ["a2","a3",1],
        ["a3","a2",3],
        ["a1","a3",2],
        ["a1","a2",2],
        ["a4","a1",3],
        ["a4","a2",3]
        ],
      "output": [1, 2, 3, 0, 2, 3, 1, 3, 1, 2, 0, 1, 2],
      "rank":20
    },
    {
      "config":{
        "ports_num":5,
        "mac_addrs":[
          "a1",
          "a2",
          "a3",
          "a4",
          "a5"
        ]
      },
      "input":[
        ["a1", "a2", 0],
        ["a2", "a3", 1],
        ["a2", "a1", 0],
        ["a5", "a1", 4],
        ["a3", "a4", 2],
        ["a4", "a5", 3],
        ["a5", "a1", 4],
        ["a3", "a5", 4],
        ["a4", "a3", 3]
      ],
      "output":[1, 2, 3, 4, 0, 2, 3, 4, 0, 0, 1, 3, 4, 4, 0, 1, 2, 3, 4],
      "rank":20
    },
    {
      "config":{
        "ports_num":6,
        "mac_addrs":[
          "a1",
          "a2",
          "a3",
          "a4",
          "a5",
          "a6"
        ]
      },
      "input":[
        ["a1", "a2", 0],
        ["a2", "a1", 1],
        ["a1", "a3", 0],
        ["a1", "a2", 2],
        ["a4", "a1", 3],
        ["a5", "a2", 4],
        ["a6", "a5", 5],
        ["a6", "a5", 4]
      ],
      "output":[1, 2, 3, 4, 5, 0, 1, 2, 3, 4, 5, 1, 2, 0, 1, 2, 3, 5, 4],
      "rank":20
    },
    {
      "config":{
        "ports_num":4,
        "mac_addrs":[
          "a1",
          "a2",
          "a3",
          "a4"
        ]
      },
      "input":[
        ["a1", "a2", 0],
        ["a1", "a3", 1],
        ["a4", "a1", 3],
        ["a3", "a2", 3],
        ["a3", "a4", 3],
        ["a2", "a3", 1],
        ["a2", "a1", 1]
      ],
      "output":[1, 2, 3, 0, 2, 3, 1, 0, 1, 2, 3, 0, 2, 3],
      "rank":20
    },
    {
      "config":{
        "ports_num":8,
        "mac_addrs":[
          "a1",
          "a2",
          "a3",
          "a4",
          "a5",
          "a6",
          "a7",
          "a8"
        ]
      },
      "input":[
        ["a1", "a8", 0],
        ["a8", "a7", 1],
        ["a1", "a8", 1],
        ["a1", "a8", 0],
        ["a2", "a7", 1],
        ["a7", "a2", 6],
        ["a3", "a7", 2],
        ["a4", "a8", 3],
        ["a5", "a7", 4],
        ["a5", "a7", 5]
      ],
      "output":[1, 2, 3, 4, 5, 6, 7, 0, 2, 3, 4, 5, 6, 7, 1, 0, 2, 3, 4, 5, 6, 7, 1, 6, 0, 1, 2, 4, 5, 6, 7, 6, 0, 1, 2, 3, 4, 6, 7],
      "rank":20
    }

  ]
}
