{
  "testcases": [ 
    {
      "config": {
        "ports_num": 4,
        "mac_addrs": [
          "6b:2a:f5:d6:c3:49",
          "7a:98:8f:a9:9c:72",
          "4d:4a:5d:3d:bf:eb",
          "f8:ba:7b:ae:f1:b4"
        ]
      },
      "input": [
        ["6b:2a:f5:d6:c3:49","7a:98:8f:a9:9c:72",0],
        ["7a:98:8f:a9:9c:72","4d:4a:5d:3d:bf:eb",1],
        ["4d:4a:5d:3d:bf:eb","7a:98:8f:a9:9c:72",3],
        ["6b:2a:f5:d6:c3:49","4d:4a:5d:3d:bf:eb",2],
        ["6b:2a:f5:d6:c3:49","7a:98:8f:a9:9c:72",2],
        ["f8:ba:7b:ae:f1:b4","6b:2a:f5:d6:c3:49",3],
        ["f8:ba:7b:ae:f1:b4","7a:98:8f:a9:9c:72",3]
        ],
      "output": [1, 2, 3, 0, 2, 3, 1, 3, 1, 2, 0, 1, 2],
      "rank":20
    },
    {
      "config":{
        "ports_num":5,
        "mac_addrs":[
          "6b:2a:f5:d6:c3:49",
          "7a:98:8f:a9:9c:72",
          "4d:4a:5d:3d:bf:eb",
          "f8:ba:7b:ae:f1:b4",
          "45:2e:fa:11:fc:c3"
        ]
      },
      "input":[
        ["6b:2a:f5:d6:c3:49", "7a:98:8f:a9:9c:72", 0],
        ["7a:98:8f:a9:9c:72", "4d:4a:5d:3d:bf:eb", 1],
        ["7a:98:8f:a9:9c:72", "6b:2a:f5:d6:c3:49", 0],
        ["45:2e:fa:11:fc:c3", "6b:2a:f5:d6:c3:49", 4],
        ["4d:4a:5d:3d:bf:eb", "f8:ba:7b:ae:f1:b4", 2],
        ["f8:ba:7b:ae:f1:b4", "45:2e:fa:11:fc:c3", 3],
        ["45:2e:fa:11:fc:c3", "6b:2a:f5:d6:c3:49", 4],
        ["4d:4a:5d:3d:bf:eb", "45:2e:fa:11:fc:c3", 4],
        ["f8:ba:7b:ae:f1:b4", "4d:4a:5d:3d:bf:eb", 3]
      ],
      "output":[1, 2, 3, 4, 0, 2, 3, 4, 0, 0, 1, 3, 4, 4, 0, 1, 2, 3, 4],
      "rank":20
    },
    {
      "config":{
        "ports_num":6,
        "mac_addrs":[
          "6b:2a:f5:d6:c3:49",
          "7a:98:8f:a9:9c:72",
          "4d:4a:5d:3d:bf:eb",
          "f8:ba:7b:ae:f1:b4",
          "45:2e:fa:11:fc:c3",
          "19:b5:e4:fa:ec:51"
        ]
      },
      "input":[
        ["6b:2a:f5:d6:c3:49", "7a:98:8f:a9:9c:72", 0],
        ["7a:98:8f:a9:9c:72", "6b:2a:f5:d6:c3:49", 1],
        ["6b:2a:f5:d6:c3:49", "4d:4a:5d:3d:bf:eb", 0],
        ["6b:2a:f5:d6:c3:49", "7a:98:8f:a9:9c:72", 2],
        ["f8:ba:7b:ae:f1:b4", "6b:2a:f5:d6:c3:49", 3],
        ["45:2e:fa:11:fc:c3", "7a:98:8f:a9:9c:72", 4],
        ["19:b5:e4:fa:ec:51", "45:2e:fa:11:fc:c3", 5],
        ["19:b5:e4:fa:ec:51", "45:2e:fa:11:fc:c3", 4]
      ],
      "output":[1, 2, 3, 4, 5, 0, 1, 2, 3, 4, 5, 1, 2, 0, 1, 2, 3, 5, 4],
      "rank":20
    },
    {
      "config":{
        "ports_num":4,
        "mac_addrs":[
          "6b:2a:f5:d6:c3:49",
          "7a:98:8f:a9:9c:72",
          "4d:4a:5d:3d:bf:eb",
          "f8:ba:7b:ae:f1:b4"
        ]
      },
      "input":[
        ["6b:2a:f5:d6:c3:49", "7a:98:8f:a9:9c:72", 0],
        ["6b:2a:f5:d6:c3:49", "4d:4a:5d:3d:bf:eb", 1],
        ["f8:ba:7b:ae:f1:b4", "6b:2a:f5:d6:c3:49", 3],
        ["4d:4a:5d:3d:bf:eb", "7a:98:8f:a9:9c:72", 3],
        ["4d:4a:5d:3d:bf:eb", "f8:ba:7b:ae:f1:b4", 3],
        ["7a:98:8f:a9:9c:72", "4d:4a:5d:3d:bf:eb", 1],
        ["7a:98:8f:a9:9c:72", "6b:2a:f5:d6:c3:49", 1]
      ],
      "output":[1, 2, 3, 0, 2, 3, 1, 0, 1, 2, 3, 0, 2, 3],
      "rank":20
    },
    {
      "config":{
        "ports_num":8,
        "mac_addrs":[
          "6b:2a:f5:d6:c3:49",
          "7a:98:8f:a9:9c:72",
          "4d:4a:5d:3d:bf:eb",
          "f8:ba:7b:ae:f1:b4",
          "45:2e:fa:11:fc:c3",
          "19:b5:e4:fa:ec:51",
          "b3:bb:75:f0:94:11",
          "94:68:aa:53:e8:07"
        ]
      },
      "input":[
        ["6b:2a:f5:d6:c3:49", "94:68:aa:53:e8:07", 0],
        ["94:68:aa:53:e8:07", "b3:bb:75:f0:94:11", 1],
        ["6b:2a:f5:d6:c3:49", "94:68:aa:53:e8:07", 1],
        ["6b:2a:f5:d6:c3:49", "94:68:aa:53:e8:07", 0],
        ["7a:98:8f:a9:9c:72", "b3:bb:75:f0:94:11", 1],
        ["b3:bb:75:f0:94:11", "7a:98:8f:a9:9c:72", 6],
        ["4d:4a:5d:3d:bf:eb", "b3:bb:75:f0:94:11", 2],
        ["f8:ba:7b:ae:f1:b4", "94:68:aa:53:e8:07", 3],
        ["45:2e:fa:11:fc:c3", "b3:bb:75:f0:94:11", 4],
        ["45:2e:fa:11:fc:c3", "b3:bb:75:f0:94:11", 5]
      ],
      "output":[1, 2, 3, 4, 5, 6, 7, 0, 2, 3, 4, 5, 6, 7, 1, 0, 2, 3, 4, 5, 6, 7, 1, 6, 0, 1, 2, 4, 5, 6, 7, 6, 0, 1, 2, 3, 4, 6, 7],
      "rank":20
    }

  ]
}
