{
  "testcases": [
    {
      "config": {
        "seqno_width": 2,
        "window_size": 2,
        "loss_rate": 0,
        "max_delay": 10,
        "timeout": 30
      },
      "input": "hello world!",
      "output": "hello world!",
      "rank": 5
    },
    {
      "config": {
        "seqno_width": 2,
        "window_size": 2,
        "loss_rate": 0,
        "max_delay": 10,
        "timeout": 30
      },
      "input": "hello world!",
      "output": "hello world!",
      "rank": 5
    },
    {
      "config": {
        "seqno_width": 2,
        "window_size": 1,
        "loss_rate": 0.2,
        "max_delay": 50,
        "timeout": 30
      },
      "input": "hello world!",
      "output": "hello world!",
      "rank": 5
    },
    {
      "config": {
        "seqno_width": 2,
        "window_size": 2,
        "loss_rate": 0.3,
        "max_delay": 40,
        "timeout": 40
      },
      "input": "hello world!",
      "output": "hello world!",
      "rank": 5
    },
    {
      "config": {
        "seqno_width": 2,
        "window_size": 2,
        "loss_rate": 0.1,
        "max_delay": 20,
        "timeout": 60
      },
      "input": "this is a longer text",
      "output": "this is a longer text",
      "rank": 5
    },
    {
      "config": {
        "seqno_width": 2,
        "window_size": 1,
        "loss_rate": 0.2,
        "max_delay": 20,
        "timeout": 30
      },
      "input": "this is a longer text",
      "output": "this is a longer text",
      "rank": 5
    },
    {
      "config": {
        "seqno_width": 3,
        "window_size": 4,
        "loss_rate": 0.3,
        "max_delay": 20,
        "timeout": 60
      },
      "input": "pta2WW5KyHBNT0mC518kzzTy1fZSmswDkQbiB97Ppta2WW5KyHBNT0mC518kzzTy1fZSmswDkQbiB97P",
      "output": "pta2WW5KyHBNT0mC518kzzTy1fZSmswDkQbiB97Ppta2WW5KyHBNT0mC518kzzTy1fZSmswDkQbiB97P",
      "rank": 5
    },
    {
      "config": {
        "seqno_width": 3,
        "window_size": 4,
        "loss_rate": 0.2,
        "max_delay": 10,
        "timeout": 40
      },
      "input": "pta2WW5KyHBNT0mC518kzzTy1fZSmswDkQbiB97Ppta2WW5KyHBNT0mC518kzzTy1fZSmswDkQbiB97P",
      "output": "pta2WW5KyHBNT0mC518kzzTy1fZSmswDkQbiB97Ppta2WW5KyHBNT0mC518kzzTy1fZSmswDkQbiB97P",
      "rank": 5
    },
    {
      "config": {
        "seqno_width": 3,
        "window_size": 3,
        "loss_rate": 0.4,
        "max_delay": 20,
        "timeout": 30
      },
      "input": "pta2WW5KyHBNT0mC518kzzTy1fZSmswDkQbiB97Ppta2WW5KyHBNT0mC518kzzTy1fZSmswDkQbiB97P",
      "output": "pta2WW5KyHBNT0mC518kzzTy1fZSmswDkQbiB97Ppta2WW5KyHBNT0mC518kzzTy1fZSmswDkQbiB97P",
      "rank": 5
    },
    {
      "config": {
        "seqno_width": 3,
        "window_size": 2,
        "loss_rate": 0.3,
        "max_delay": 10,
        "timeout": 30
      },
      "input": "Now all glory to God, who is able, through his mighty power at work within us, to accomplish infinitely more than we might ask or think. Glory to him in the church and in Christ Jesus through all generations forever and ever! Amen.",
      "output": "Now all glory to God, who is able, through his mighty power at work within us, to accomplish infinitely more than we might ask or think. Glory to him in the church and in Christ Jesus through all generations forever and ever! Amen.",
      "rank": 5
    },
    {
      "config": {
        "seqno_width": 3,
        "window_size": 4,
        "loss_rate": 0.5,
        "max_delay": 10,
        "timeout": 20
      },
      "input": "Now all glory to God, who is able, through his mighty power at work within us, to accomplish infinitely more than we might ask or think. Glory to him in the church and in Christ Jesus through all generations forever and ever! Amen.",
      "output": "Now all glory to God, who is able, through his mighty power at work within us, to accomplish infinitely more than we might ask or think. Glory to him in the church and in Christ Jesus through all generations forever and ever! Amen.",
      "rank": 5
    },
    {
      "config": {
        "seqno_width": 3,
        "window_size": 4,
        "loss_rate": 0.3,
        "max_delay": 40,
        "timeout": 30
      },
      "input": "Now all glory to God, who is able, through his mighty power at work within us, to accomplish infinitely more than we might ask or think. Glory to him in the church and in Christ Jesus through all generations forever and ever! Amen.",
      "output": "Now all glory to God, who is able, through his mighty power at work within us, to accomplish infinitely more than we might ask or think. Glory to him in the church and in Christ Jesus through all generations forever and ever! Amen.",
      "rank": 5
    },
    {
      "config": {
        "seqno_width": 4,
        "window_size": 3,
        "loss_rate": 0.2,
        "max_delay": 10,
        "timeout": 30
      },
      "output": "Lorem ipsum dolor sit amet, consectetuer adipiscing elit. Aenean commodo ligula\neget dolor. Aenean massa. Cum sociis natoque penatibus et magnis dis parturient\nmontes, nascetur ridiculus mus. Donec quam felis, ultricies nec, pellentesque\neu, pretium quis, sem. Nulla consequat massa quis enim. Donec pede justo,\nfringilla vel, aliquet nec, vulputate eget, arcu. In enim justo, rhoncus ut,\nimperdiet a, venenatis vitae, justo. Nullam dictum felis eu pede mollis pretium.\nInteger tincidunt. Cras dapibus. Vivamus elementum semper nisi. Aenean vulputate\neleifend tellus. Aenean leo ligula, porttitor eu, consequat vitae, eleifend ac,\nenim. Aliquam lorem ante, dapibus in, viverra quis, feugiat a, tellus. Phasellus\nviverra nulla ut metus varius laoreet. Quisque rutrum. Aenean imperdiet. Etiam\nultricies nisi vel augue. Curabitur ullamcorper ultricies nisi. Nam eget dui.\nEtiam rhoncus. Maecenas tempus, tellus eget condimentum rhoncus, sem quam semper\nlibero, sit amet adipiscing sem neque sed ipsum. Nam quam nunc, blandit vel,\nluctus pulvinar, hendrerit id, lorem. Maecenas nec odio et ante tincidunt\ntempus. Donec vitae sapien ut libero venenatis faucibus. Nullam quis ante. Etiam\nsit amet orci eget eros faucibus tincidunt. Duis leo. Sed fringilla mauris sit\namet nibh. Donec sodales sagittis magna. Sed consequat, leo eget bibendum\nsodales, augue velit cursus nunc",
      "input": "Lorem ipsum dolor sit amet, consectetuer adipiscing elit. Aenean commodo ligula\neget dolor. Aenean massa. Cum sociis natoque penatibus et magnis dis parturient\nmontes, nascetur ridiculus mus. Donec quam felis, ultricies nec, pellentesque\neu, pretium quis, sem. Nulla consequat massa quis enim. Donec pede justo,\nfringilla vel, aliquet nec, vulputate eget, arcu. In enim justo, rhoncus ut,\nimperdiet a, venenatis vitae, justo. Nullam dictum felis eu pede mollis pretium.\nInteger tincidunt. Cras dapibus. Vivamus elementum semper nisi. Aenean vulputate\neleifend tellus. Aenean leo ligula, porttitor eu, consequat vitae, eleifend ac,\nenim. Aliquam lorem ante, dapibus in, viverra quis, feugiat a, tellus. Phasellus\nviverra nulla ut metus varius laoreet. Quisque rutrum. Aenean imperdiet. Etiam\nultricies nisi vel augue. Curabitur ullamcorper ultricies nisi. Nam eget dui.\nEtiam rhoncus. Maecenas tempus, tellus eget condimentum rhoncus, sem quam semper\nlibero, sit amet adipiscing sem neque sed ipsum. Nam quam nunc, blandit vel,\nluctus pulvinar, hendrerit id, lorem. Maecenas nec odio et ante tincidunt\ntempus. Donec vitae sapien ut libero venenatis faucibus. Nullam quis ante. Etiam\nsit amet orci eget eros faucibus tincidunt. Duis leo. Sed fringilla mauris sit\namet nibh. Donec sodales sagittis magna. Sed consequat, leo eget bibendum\nsodales, augue velit cursus nunc",
      "rank": 5
    },
    {
      "config": {
        "seqno_width": 4,
        "window_size": 5,
        "loss_rate": 0.1,
        "max_delay": 10,
        "timeout": 40
      },
      "output": "Lorem ipsum dolor sit amet, consectetuer adipiscing elit. Aenean commodo ligula\neget dolor. Aenean massa. Cum sociis natoque penatibus et magnis dis parturient\nmontes, nascetur ridiculus mus. Donec quam felis, ultricies nec, pellentesque\neu, pretium quis, sem. Nulla consequat massa quis enim. Donec pede justo,\nfringilla vel, aliquet nec, vulputate eget, arcu. In enim justo, rhoncus ut,\nimperdiet a, venenatis vitae, justo. Nullam dictum felis eu pede mollis pretium.\nInteger tincidunt. Cras dapibus. Vivamus elementum semper nisi. Aenean vulputate\neleifend tellus. Aenean leo ligula, porttitor eu, consequat vitae, eleifend ac,\nenim. Aliquam lorem ante, dapibus in, viverra quis, feugiat a, tellus. Phasellus\nviverra nulla ut metus varius laoreet. Quisque rutrum. Aenean imperdiet. Etiam\nultricies nisi vel augue. Curabitur ullamcorper ultricies nisi. Nam eget dui.\nEtiam rhoncus. Maecenas tempus, tellus eget condimentum rhoncus, sem quam semper\nlibero, sit amet adipiscing sem neque sed ipsum. Nam quam nunc, blandit vel,\nluctus pulvinar, hendrerit id, lorem. Maecenas nec odio et ante tincidunt\ntempus. Donec vitae sapien ut libero venenatis faucibus. Nullam quis ante. Etiam\nsit amet orci eget eros faucibus tincidunt. Duis leo. Sed fringilla mauris sit\namet nibh. Donec sodales sagittis magna. Sed consequat, leo eget bibendum\nsodales, augue velit cursus nunc",
      "input": "Lorem ipsum dolor sit amet, consectetuer adipiscing elit. Aenean commodo ligula\neget dolor. Aenean massa. Cum sociis natoque penatibus et magnis dis parturient\nmontes, nascetur ridiculus mus. Donec quam felis, ultricies nec, pellentesque\neu, pretium quis, sem. Nulla consequat massa quis enim. Donec pede justo,\nfringilla vel, aliquet nec, vulputate eget, arcu. In enim justo, rhoncus ut,\nimperdiet a, venenatis vitae, justo. Nullam dictum felis eu pede mollis pretium.\nInteger tincidunt. Cras dapibus. Vivamus elementum semper nisi. Aenean vulputate\neleifend tellus. Aenean leo ligula, porttitor eu, consequat vitae, eleifend ac,\nenim. Aliquam lorem ante, dapibus in, viverra quis, feugiat a, tellus. Phasellus\nviverra nulla ut metus varius laoreet. Quisque rutrum. Aenean imperdiet. Etiam\nultricies nisi vel augue. Curabitur ullamcorper ultricies nisi. Nam eget dui.\nEtiam rhoncus. Maecenas tempus, tellus eget condimentum rhoncus, sem quam semper\nlibero, sit amet adipiscing sem neque sed ipsum. Nam quam nunc, blandit vel,\nluctus pulvinar, hendrerit id, lorem. Maecenas nec odio et ante tincidunt\ntempus. Donec vitae sapien ut libero venenatis faucibus. Nullam quis ante. Etiam\nsit amet orci eget eros faucibus tincidunt. Duis leo. Sed fringilla mauris sit\namet nibh. Donec sodales sagittis magna. Sed consequat, leo eget bibendum\nsodales, augue velit cursus nunc",
      "rank": 5
    },
    {
      "config": {
        "seqno_width": 4,
        "window_size": 6,
        "loss_rate": 0.3,
        "max_delay": 20,
        "timeout": 40
      },
      "output": "Lorem ipsum dolor sit amet, consectetuer adipiscing elit. Aenean commodo ligula\neget dolor. Aenean massa. Cum sociis natoque penatibus et magnis dis parturient\nmontes, nascetur ridiculus mus. Donec quam felis, ultricies nec, pellentesque\neu, pretium quis, sem. Nulla consequat massa quis enim. Donec pede justo,\nfringilla vel, aliquet nec, vulputate eget, arcu. In enim justo, rhoncus ut,\nimperdiet a, venenatis vitae, justo. Nullam dictum felis eu pede mollis pretium.\nInteger tincidunt. Cras dapibus. Vivamus elementum semper nisi. Aenean vulputate\neleifend tellus. Aenean leo ligula, porttitor eu, consequat vitae, eleifend ac,\nenim. Aliquam lorem ante, dapibus in, viverra quis, feugiat a, tellus. Phasellus\nviverra nulla ut metus varius laoreet. Quisque rutrum. Aenean imperdiet. Etiam\nultricies nisi vel augue. Curabitur ullamcorper ultricies nisi. Nam eget dui.\nEtiam rhoncus. Maecenas tempus, tellus eget condimentum rhoncus, sem quam semper\nlibero, sit amet adipiscing sem neque sed ipsum. Nam quam nunc, blandit vel,\nluctus pulvinar, hendrerit id, lorem. Maecenas nec odio et ante tincidunt\ntempus. Donec vitae sapien ut libero venenatis faucibus. Nullam quis ante. Etiam\nsit amet orci eget eros faucibus tincidunt. Duis leo. Sed fringilla mauris sit\namet nibh. Donec sodales sagittis magna. Sed consequat, leo eget bibendum\nsodales, augue velit cursus nunc",
      "input": "Lorem ipsum dolor sit amet, consectetuer adipiscing elit. Aenean commodo ligula\neget dolor. Aenean massa. Cum sociis natoque penatibus et magnis dis parturient\nmontes, nascetur ridiculus mus. Donec quam felis, ultricies nec, pellentesque\neu, pretium quis, sem. Nulla consequat massa quis enim. Donec pede justo,\nfringilla vel, aliquet nec, vulputate eget, arcu. In enim justo, rhoncus ut,\nimperdiet a, venenatis vitae, justo. Nullam dictum felis eu pede mollis pretium.\nInteger tincidunt. Cras dapibus. Vivamus elementum semper nisi. Aenean vulputate\neleifend tellus. Aenean leo ligula, porttitor eu, consequat vitae, eleifend ac,\nenim. Aliquam lorem ante, dapibus in, viverra quis, feugiat a, tellus. Phasellus\nviverra nulla ut metus varius laoreet. Quisque rutrum. Aenean imperdiet. Etiam\nultricies nisi vel augue. Curabitur ullamcorper ultricies nisi. Nam eget dui.\nEtiam rhoncus. Maecenas tempus, tellus eget condimentum rhoncus, sem quam semper\nlibero, sit amet adipiscing sem neque sed ipsum. Nam quam nunc, blandit vel,\nluctus pulvinar, hendrerit id, lorem. Maecenas nec odio et ante tincidunt\ntempus. Donec vitae sapien ut libero venenatis faucibus. Nullam quis ante. Etiam\nsit amet orci eget eros faucibus tincidunt. Duis leo. Sed fringilla mauris sit\namet nibh. Donec sodales sagittis magna. Sed consequat, leo eget bibendum\nsodales, augue velit cursus nunc",
      "rank": 5
    },
    {
      "config": {
        "seqno_width": 4,
        "window_size": 8,
        "loss_rate": 0.1,
        "max_delay": 20,
        "timeout": 30
      },
      "output": "In industries from consumer goods to manufacturing, virtually every line on the income statement is experiencing a degree of stress. In recent months, raw materials, labor and freight have become significantly more expensive and hard to come by. Struggling to keep up with demand, businesses are getting creative - in how they fill orders, how much they charge for their products and where they cut back on spending. “The pandemic ate my profits” may have worked a year ago. “My profits are trapped on a cargo ship in the Pacific” is a tougher sell.\nSupply chains are still backed up. Chief executives were optimistic heading into summer that bottlenecks and soaring freight rates would ease. Instead, they became much worse, putting logistics operations — normally the quiet workhorse of corporate America — front and center for earnings calls.\nHoneywell International Inc. has rerouted ships to less-clogged ports, while also redesigning certain products to adapt to the semiconductor shortage. Unable to secure enough of the standard 20-foot shipping containers, Coca-Cola Co. is importing ingredients on vessels normally used to haul bulk commodities such as coal. And Home Depot Inc. and Walmart Inc. have decided to charter their own boats.\nEven so, paint giants PPG Industries Inc. and Sherwin-Williams Co., electrical-equipment maker Eaton Corp. and lock maker Allegion Plc have warned that they will have less revenue this quarter because of difficulty securing parts and materials. There’s at least a potential glimmer of hope: Drewry data show the rate for a 40-foot container traveling from Shanghai to Los Angeles dropped last week by almost $1,000, or 8.2%, the steepest weekly decline since March 2020.\nIs demand the new worry? Throughout the supply-chain meltdown, strong customer demand has been a consolation. The big question is, what happens if that starts to give way? While slower growth might alleviate some freight stress, it could also spark a massive selloff. In late September, retail stocks dropped sharply after Bed Bath & Beyond Inc. suggested spending on home furnishings was easing.",
      "input": "In industries from consumer goods to manufacturing, virtually every line on the income statement is experiencing a degree of stress. In recent months, raw materials, labor and freight have become significantly more expensive and hard to come by. Struggling to keep up with demand, businesses are getting creative - in how they fill orders, how much they charge for their products and where they cut back on spending. “The pandemic ate my profits” may have worked a year ago. “My profits are trapped on a cargo ship in the Pacific” is a tougher sell.\nSupply chains are still backed up. Chief executives were optimistic heading into summer that bottlenecks and soaring freight rates would ease. Instead, they became much worse, putting logistics operations — normally the quiet workhorse of corporate America — front and center for earnings calls.\nHoneywell International Inc. has rerouted ships to less-clogged ports, while also redesigning certain products to adapt to the semiconductor shortage. Unable to secure enough of the standard 20-foot shipping containers, Coca-Cola Co. is importing ingredients on vessels normally used to haul bulk commodities such as coal. And Home Depot Inc. and Walmart Inc. have decided to charter their own boats.\nEven so, paint giants PPG Industries Inc. and Sherwin-Williams Co., electrical-equipment maker Eaton Corp. and lock maker Allegion Plc have warned that they will have less revenue this quarter because of difficulty securing parts and materials. There’s at least a potential glimmer of hope: Drewry data show the rate for a 40-foot container traveling from Shanghai to Los Angeles dropped last week by almost $1,000, or 8.2%, the steepest weekly decline since March 2020.\nIs demand the new worry? Throughout the supply-chain meltdown, strong customer demand has been a consolation. The big question is, what happens if that starts to give way? While slower growth might alleviate some freight stress, it could also spark a massive selloff. In late September, retail stocks dropped sharply after Bed Bath & Beyond Inc. suggested spending on home furnishings was easing.",
      "rank": 5
    },
    {
      "config": {
        "seqno_width": 4,
        "window_size": 8,
        "loss_rate": 0.2,
        "max_delay": 30,
        "timeout": 40
      },
      "output": "In industries from consumer goods to manufacturing, virtually every line on the income statement is experiencing a degree of stress. In recent months, raw materials, labor and freight have become significantly more expensive and hard to come by. Struggling to keep up with demand, businesses are getting creative - in how they fill orders, how much they charge for their products and where they cut back on spending. “The pandemic ate my profits” may have worked a year ago. “My profits are trapped on a cargo ship in the Pacific” is a tougher sell.\nSupply chains are still backed up. Chief executives were optimistic heading into summer that bottlenecks and soaring freight rates would ease. Instead, they became much worse, putting logistics operations — normally the quiet workhorse of corporate America — front and center for earnings calls.\nHoneywell International Inc. has rerouted ships to less-clogged ports, while also redesigning certain products to adapt to the semiconductor shortage. Unable to secure enough of the standard 20-foot shipping containers, Coca-Cola Co. is importing ingredients on vessels normally used to haul bulk commodities such as coal. And Home Depot Inc. and Walmart Inc. have decided to charter their own boats.\nEven so, paint giants PPG Industries Inc. and Sherwin-Williams Co., electrical-equipment maker Eaton Corp. and lock maker Allegion Plc have warned that they will have less revenue this quarter because of difficulty securing parts and materials. There’s at least a potential glimmer of hope: Drewry data show the rate for a 40-foot container traveling from Shanghai to Los Angeles dropped last week by almost $1,000, or 8.2%, the steepest weekly decline since March 2020.\nIs demand the new worry? Throughout the supply-chain meltdown, strong customer demand has been a consolation. The big question is, what happens if that starts to give way? While slower growth might alleviate some freight stress, it could also spark a massive selloff. In late September, retail stocks dropped sharply after Bed Bath & Beyond Inc. suggested spending on home furnishings was easing.",
      "input": "In industries from consumer goods to manufacturing, virtually every line on the income statement is experiencing a degree of stress. In recent months, raw materials, labor and freight have become significantly more expensive and hard to come by. Struggling to keep up with demand, businesses are getting creative - in how they fill orders, how much they charge for their products and where they cut back on spending. “The pandemic ate my profits” may have worked a year ago. “My profits are trapped on a cargo ship in the Pacific” is a tougher sell.\nSupply chains are still backed up. Chief executives were optimistic heading into summer that bottlenecks and soaring freight rates would ease. Instead, they became much worse, putting logistics operations — normally the quiet workhorse of corporate America — front and center for earnings calls.\nHoneywell International Inc. has rerouted ships to less-clogged ports, while also redesigning certain products to adapt to the semiconductor shortage. Unable to secure enough of the standard 20-foot shipping containers, Coca-Cola Co. is importing ingredients on vessels normally used to haul bulk commodities such as coal. And Home Depot Inc. and Walmart Inc. have decided to charter their own boats.\nEven so, paint giants PPG Industries Inc. and Sherwin-Williams Co., electrical-equipment maker Eaton Corp. and lock maker Allegion Plc have warned that they will have less revenue this quarter because of difficulty securing parts and materials. There’s at least a potential glimmer of hope: Drewry data show the rate for a 40-foot container traveling from Shanghai to Los Angeles dropped last week by almost $1,000, or 8.2%, the steepest weekly decline since March 2020.\nIs demand the new worry? Throughout the supply-chain meltdown, strong customer demand has been a consolation. The big question is, what happens if that starts to give way? While slower growth might alleviate some freight stress, it could also spark a massive selloff. In late September, retail stocks dropped sharply after Bed Bath & Beyond Inc. suggested spending on home furnishings was easing.",
      "rank": 5
    },
    {
      "config": {
        "seqno_width": 4,
        "window_size": 7,
        "loss_rate": 0.2,
        "max_delay": 30,
        "timeout": 50
      },
      "output": "In industries from consumer goods to manufacturing, virtually every line on the income statement is experiencing a degree of stress. In recent months, raw materials, labor and freight have become significantly more expensive and hard to come by. Struggling to keep up with demand, businesses are getting creative - in how they fill orders, how much they charge for their products and where they cut back on spending. “The pandemic ate my profits” may have worked a year ago. “My profits are trapped on a cargo ship in the Pacific” is a tougher sell.\nSupply chains are still backed up. Chief executives were optimistic heading into summer that bottlenecks and soaring freight rates would ease. Instead, they became much worse, putting logistics operations — normally the quiet workhorse of corporate America — front and center for earnings calls.\nHoneywell International Inc. has rerouted ships to less-clogged ports, while also redesigning certain products to adapt to the semiconductor shortage. Unable to secure enough of the standard 20-foot shipping containers, Coca-Cola Co. is importing ingredients on vessels normally used to haul bulk commodities such as coal. And Home Depot Inc. and Walmart Inc. have decided to charter their own boats.\nEven so, paint giants PPG Industries Inc. and Sherwin-Williams Co., electrical-equipment maker Eaton Corp. and lock maker Allegion Plc have warned that they will have less revenue this quarter because of difficulty securing parts and materials. There’s at least a potential glimmer of hope: Drewry data show the rate for a 40-foot container traveling from Shanghai to Los Angeles dropped last week by almost $1,000, or 8.2%, the steepest weekly decline since March 2020.\nIs demand the new worry? Throughout the supply-chain meltdown, strong customer demand has been a consolation. The big question is, what happens if that starts to give way? While slower growth might alleviate some freight stress, it could also spark a massive selloff. In late September, retail stocks dropped sharply after Bed Bath & Beyond Inc. suggested spending on home furnishings was easing.",
      "input": "In industries from consumer goods to manufacturing, virtually every line on the income statement is experiencing a degree of stress. In recent months, raw materials, labor and freight have become significantly more expensive and hard to come by. Struggling to keep up with demand, businesses are getting creative - in how they fill orders, how much they charge for their products and where they cut back on spending. “The pandemic ate my profits” may have worked a year ago. “My profits are trapped on a cargo ship in the Pacific” is a tougher sell.\nSupply chains are still backed up. Chief executives were optimistic heading into summer that bottlenecks and soaring freight rates would ease. Instead, they became much worse, putting logistics operations — normally the quiet workhorse of corporate America — front and center for earnings calls.\nHoneywell International Inc. has rerouted ships to less-clogged ports, while also redesigning certain products to adapt to the semiconductor shortage. Unable to secure enough of the standard 20-foot shipping containers, Coca-Cola Co. is importing ingredients on vessels normally used to haul bulk commodities such as coal. And Home Depot Inc. and Walmart Inc. have decided to charter their own boats.\nEven so, paint giants PPG Industries Inc. and Sherwin-Williams Co., electrical-equipment maker Eaton Corp. and lock maker Allegion Plc have warned that they will have less revenue this quarter because of difficulty securing parts and materials. There’s at least a potential glimmer of hope: Drewry data show the rate for a 40-foot container traveling from Shanghai to Los Angeles dropped last week by almost $1,000, or 8.2%, the steepest weekly decline since March 2020.\nIs demand the new worry? Throughout the supply-chain meltdown, strong customer demand has been a consolation. The big question is, what happens if that starts to give way? While slower growth might alleviate some freight stress, it could also spark a massive selloff. In late September, retail stocks dropped sharply after Bed Bath & Beyond Inc. suggested spending on home furnishings was easing.",
      "rank": 5
    },
    {
      "config": {
        "seqno_width": 4,
        "window_size": 8,
        "loss_rate": 0.5,
        "max_delay": 10,
        "timeout": 20
      },
      "output": "In industries from consumer goods to manufacturing, virtually every line on the income statement is experiencing a degree of stress. In recent months, raw materials, labor and freight have become significantly more expensive and hard to come by. Struggling to keep up with demand, businesses are getting creative - in how they fill orders, how much they charge for their products and where they cut back on spending. “The pandemic ate my profits” may have worked a year ago. “My profits are trapped on a cargo ship in the Pacific” is a tougher sell.\nSupply chains are still backed up. Chief executives were optimistic heading into summer that bottlenecks and soaring freight rates would ease. Instead, they became much worse, putting logistics operations — normally the quiet workhorse of corporate America — front and center for earnings calls.\nHoneywell International Inc. has rerouted ships to less-clogged ports, while also redesigning certain products to adapt to the semiconductor shortage. Unable to secure enough of the standard 20-foot shipping containers, Coca-Cola Co. is importing ingredients on vessels normally used to haul bulk commodities such as coal. And Home Depot Inc. and Walmart Inc. have decided to charter their own boats.\nEven so, paint giants PPG Industries Inc. and Sherwin-Williams Co., electrical-equipment maker Eaton Corp. and lock maker Allegion Plc have warned that they will have less revenue this quarter because of difficulty securing parts and materials. There’s at least a potential glimmer of hope: Drewry data show the rate for a 40-foot container traveling from Shanghai to Los Angeles dropped last week by almost $1,000, or 8.2%, the steepest weekly decline since March 2020.\nIs demand the new worry? Throughout the supply-chain meltdown, strong customer demand has been a consolation. The big question is, what happens if that starts to give way? While slower growth might alleviate some freight stress, it could also spark a massive selloff. In late September, retail stocks dropped sharply after Bed Bath & Beyond Inc. suggested spending on home furnishings was easing.",
      "input": "In industries from consumer goods to manufacturing, virtually every line on the income statement is experiencing a degree of stress. In recent months, raw materials, labor and freight have become significantly more expensive and hard to come by. Struggling to keep up with demand, businesses are getting creative - in how they fill orders, how much they charge for their products and where they cut back on spending. “The pandemic ate my profits” may have worked a year ago. “My profits are trapped on a cargo ship in the Pacific” is a tougher sell.\nSupply chains are still backed up. Chief executives were optimistic heading into summer that bottlenecks and soaring freight rates would ease. Instead, they became much worse, putting logistics operations — normally the quiet workhorse of corporate America — front and center for earnings calls.\nHoneywell International Inc. has rerouted ships to less-clogged ports, while also redesigning certain products to adapt to the semiconductor shortage. Unable to secure enough of the standard 20-foot shipping containers, Coca-Cola Co. is importing ingredients on vessels normally used to haul bulk commodities such as coal. And Home Depot Inc. and Walmart Inc. have decided to charter their own boats.\nEven so, paint giants PPG Industries Inc. and Sherwin-Williams Co., electrical-equipment maker Eaton Corp. and lock maker Allegion Plc have warned that they will have less revenue this quarter because of difficulty securing parts and materials. There’s at least a potential glimmer of hope: Drewry data show the rate for a 40-foot container traveling from Shanghai to Los Angeles dropped last week by almost $1,000, or 8.2%, the steepest weekly decline since March 2020.\nIs demand the new worry? Throughout the supply-chain meltdown, strong customer demand has been a consolation. The big question is, what happens if that starts to give way? While slower growth might alleviate some freight stress, it could also spark a massive selloff. In late September, retail stocks dropped sharply after Bed Bath & Beyond Inc. suggested spending on home furnishings was easing.",
      "rank": 5
    },
    {
      "config": {
        "seqno_width": 1,
        "window_size": 1,
        "loss_rate": 0.1,
        "max_delay": 5,
        "timeout": 10
      },
      "input": "abcdefghijklmnopqrstuvwxyz1234567890",
      "output": "abcdefghijklmnopqrstuvwxyz1234567890",
      "rank": 5
    }
  ]
}
